Make,Height,Length,Width,Fuel Type,Classification,Driveline,Number_of_Forward_Gears,City_MPG,Highway_MPG,Horsepower,Torque
Chevrolet,112,22,181,Gasoline,Manual,Rear-wheel drive,5,18,25,185,190
Chevrolet,112,140,181,Gasoline,Manual,Rear-wheel drive,5,18,25,185,190
Chevrolet,120,140,181,Gasoline,Automatic,Rear-wheel drive,4,18,25,185,190
Chevrolet,77,60,219,Gasoline,Automatic,Rear-wheel drive,4,13,17,310,334
Chevrolet,77,60,219,Gasoline,Automatic,All-wheel drive,4,13,17,310,334
Chevrolet,22,60,219,E85,Automatic,Rear-wheel drive,6,8,12,280,295
Chevrolet,22,60,219,E85,Automatic,Rear-wheel drive,6,8,12,324,373
Chevrolet,77,102,237,Gasoline,Automatic,Rear-wheel drive,4,15,20,195,260
Chevrolet,82,215,240,Gasoline,Automatic,Rear-wheel drive,4,14,19,302,305
Chevrolet,85,215,237,Gasoline,Automatic,Rear-wheel drive,4,15,20,195,260
Chevrolet,226,214,173,Gasoline,Manual,Front-wheel drive,5,27,35,108,105
Chevrolet,226,214,173,Gasoline,Manual,Front-wheel drive,5,27,35,108,105
Chevrolet,226,214,173,Gasoline,Automatic,Front-wheel drive,4,25,34,108,105
Chevrolet,226,214,173,Gasoline,Manual,Front-wheel drive,5,27,35,108,105
Chevrolet,226,214,173,Gasoline,Automatic,Front-wheel drive,4,25,34,108,105
Chevrolet,226,79,142,Gasoline,Manual,Front-wheel drive,5,27,35,108,105
Chevrolet,226,79,142,Gasoline,Manual,Front-wheel drive,5,27,35,108,105
Chevrolet,226,79,142,Gasoline,Automatic,Front-wheel drive,4,25,34,108,105
Chevrolet,226,79,142,Gasoline,Manual,Front-wheel drive,5,27,35,108,105
Chevrolet,226,79,142,Gasoline,Automatic,Front-wheel drive,4,25,34,108,105
Chevrolet,109,228,125,Gasoline,Manual,Rear-wheel drive,6,17,28,312,278
Chevrolet,109,228,125,Gasoline,Automatic,Rear-wheel drive,6,19,30,312,278
Chevrolet,109,228,125,Gasoline,Manual,Rear-wheel drive,6,17,28,312,278
Chevrolet,109,228,125,Gasoline,Automatic,Rear-wheel drive,6,19,30,312,278
Chevrolet,109,228,125,Gasoline,Manual,Rear-wheel drive,6,16,24,426,420
Chevrolet,109,228,125,Gasoline,Automatic,Rear-wheel drive,6,15,24,426,420
Chevrolet,109,228,125,Gasoline,Manual,Rear-wheel drive,6,16,24,426,420
Chevrolet,109,228,125,Gasoline,Automatic,Rear-wheel drive,6,16,25,426,420
Chevrolet,96,228,125,Gasoline,Manual,Rear-wheel drive,6,17,28,312,278
Chevrolet,96,228,125,Gasoline,Automatic,Rear-wheel drive,6,19,30,312,278
Chevrolet,96,228,125,Gasoline,Automatic,Rear-wheel drive,6,18,29,312,278
Chevrolet,96,228,125,Gasoline,Manual,Rear-wheel drive,6,17,28,312,278
Chevrolet,96,228,125,Gasoline,Automatic,Rear-wheel drive,6,19,30,312,278
Chevrolet,96,228,125,Gasoline,Manual,Rear-wheel drive,6,17,28,312,278
Chevrolet,96,228,125,Gasoline,Automatic,Rear-wheel drive,6,19,30,312,278
Chevrolet,96,228,125,Gasoline,Manual,Rear-wheel drive,6,16,24,426,420
Chevrolet,96,228,125,Gasoline,Automatic,Rear-wheel drive,6,16,25,426,420
Chevrolet,96,228,125,Gasoline,Manual,Rear-wheel drive,6,16,24,426,420
Chevrolet,96,228,125,Gasoline,Automatic,Rear-wheel drive,6,16,25,426,420
Chevrolet,212,108,135,Gasoline,Manual,Rear-wheel drive,6,15,24,505,470
Chevrolet,212,108,135,Gasoline,Manual,Rear-wheel drive,6,15,24,505,470
Chevrolet,212,108,135,Gasoline,Manual,Rear-wheel drive,6,15,24,505,470
Chevrolet,223,82,52,Gasoline,Manual,Rear-wheel drive,6,16,26,430,424
Chevrolet,223,82,52,Gasoline,Automatic,Rear-wheel drive,6,15,25,430,424
Chevrolet,223,82,52,Gasoline,Manual,Rear-wheel drive,6,16,26,430,424
Chevrolet,223,82,52,Gasoline,Automatic,Rear-wheel drive,6,15,25,430,424
Chevrolet,223,82,52,Gasoline,Manual,Rear-wheel drive,6,16,26,430,424
Chevrolet,223,82,52,Gasoline,Automatic,Rear-wheel drive,6,15,25,430,424
Chevrolet,223,82,52,Gasoline,Manual,Rear-wheel drive,6,16,26,430,424
Chevrolet,223,82,52,Gasoline,Automatic,Rear-wheel drive,6,15,25,430,424
Chevrolet,223,82,52,Gasoline,Manual,Rear-wheel drive,6,16,26,430,424
Chevrolet,223,82,52,Gasoline,Automatic,Rear-wheel drive,6,15,25,430,424
Chevrolet,223,82,52,Gasoline,Manual,Rear-wheel drive,6,16,26,430,424
Chevrolet,223,82,52,Gasoline,Automatic,Rear-wheel drive,6,15,25,430,424
Chevrolet,223,82,52,Gasoline,Manual,Rear-wheel drive,6,16,26,430,424
Chevrolet,223,82,52,Gasoline,Automatic,Rear-wheel drive,6,15,25,430,424
Chevrolet,223,82,52,Gasoline,Manual,Rear-wheel drive,6,16,26,430,424
Chevrolet,223,82,52,Gasoline,Automatic,Rear-wheel drive,6,15,25,430,424
Chevrolet,212,123,135,Gasoline,Manual,Rear-wheel drive,6,14,20,638,604
Chevrolet,212,123,135,Gasoline,Manual,Rear-wheel drive,6,14,20,638,604
Chevrolet,212,108,135,Gasoline,Manual,Rear-wheel drive,6,16,26,430,424
Chevrolet,212,108,135,Gasoline,Automatic,Rear-wheel drive,6,15,25,430,424
Chevrolet,212,108,135,Gasoline,Manual,Rear-wheel drive,6,16,26,430,424
Chevrolet,212,108,135,Gasoline,Automatic,Rear-wheel drive,6,15,25,430,424
Chevrolet,212,108,135,Gasoline,Manual,Rear-wheel drive,6,16,26,430,424
Chevrolet,212,108,135,Gasoline,Automatic,Rear-wheel drive,6,15,25,430,424
Chevrolet,212,108,135,Gasoline,Manual,Rear-wheel drive,6,16,26,430,424
Chevrolet,212,108,135,Gasoline,Automatic,Rear-wheel drive,6,15,25,430,424
Chevrolet,212,108,135,Gasoline,Manual,Rear-wheel drive,6,16,26,430,424
Chevrolet,212,108,135,Gasoline,Automatic,Rear-wheel drive,6,15,25,430,424
Chevrolet,212,108,135,Gasoline,Manual,Rear-wheel drive,6,16,26,430,424
Chevrolet,212,108,135,Gasoline,Automatic,Rear-wheel drive,6,15,25,430,424
Chevrolet,212,108,135,Gasoline,Manual,Rear-wheel drive,6,16,26,430,424
Chevrolet,212,108,135,Gasoline,Automatic,Rear-wheel drive,6,15,25,430,424
Chevrolet,212,108,135,Gasoline,Manual,Rear-wheel drive,6,16,26,430,424
Chevrolet,212,108,135,Gasoline,Automatic,Rear-wheel drive,6,15,25,430,424
Chevrolet,195,245,3,Gasoline,Manual,Front-wheel drive,6,26,36,136,123
Chevrolet,195,245,3,Gasoline,Automatic,Front-wheel drive,6,22,35,136,123
Chevrolet,195,245,3,Gasoline,Automatic,Front-wheel drive,6,24,36,138,148
Chevrolet,195,245,3,Gasoline,Manual,Front-wheel drive,6,28,42,138,148
Chevrolet,195,245,3,Gasoline,Automatic,Front-wheel drive,6,26,37,138,148
Chevrolet,195,245,3,Gasoline,Automatic,Front-wheel drive,6,24,36,138,148
Chevrolet,195,245,3,Gasoline,Automatic,Front-wheel drive,6,24,36,138,148
Chevrolet,148,162,49,Gasoline,Automatic,Front-wheel drive,6,22,32,182,172
Chevrolet,148,162,49,Gasoline,Automatic,All-wheel drive,6,20,29,182,172
Chevrolet,224,162,49,Gasoline,Automatic,Front-wheel drive,6,22,32,182,172
Chevrolet,224,162,49,Gasoline,Automatic,All-wheel drive,6,20,29,182,172
Chevrolet,224,162,49,Gasoline,Automatic,Front-wheel drive,6,17,24,264,222
Chevrolet,224,162,49,Gasoline,Automatic,All-wheel drive,6,16,22,264,222
Chevrolet,224,162,49,E85,Automatic,Front-wheel drive,6,12,18,264,222
Chevrolet,224,162,49,E85,Automatic,All-wheel drive,6,12,17,264,222
Chevrolet,224,162,49,Gasoline,Automatic,Front-wheel drive,6,22,32,182,172
Chevrolet,224,162,49,Gasoline,Automatic,All-wheel drive,6,20,29,182,172
Chevrolet,224,162,49,Gasoline,Automatic,Front-wheel drive,6,17,24,264,222
Chevrolet,224,162,49,Gasoline,Automatic,All-wheel drive,6,16,22,264,222
Chevrolet,224,162,49,E85,Automatic,Front-wheel drive,6,12,18,264,222
Chevrolet,224,162,49,E85,Automatic,All-wheel drive,6,12,17,264,222
Chevrolet,224,162,49,Gasoline,Automatic,Front-wheel drive,6,22,32,182,172
Chevrolet,224,162,49,Gasoline,Automatic,All-wheel drive,6,20,29,182,172
Chevrolet,224,162,49,Gasoline,Automatic,Front-wheel drive,6,17,24,264,222
Chevrolet,224,162,49,Gasoline,Automatic,All-wheel drive,6,16,22,264,222
Chevrolet,224,162,49,Gasoline,Automatic,Front-wheel drive,6,17,24,264,222
Chevrolet,224,162,49,E85,Automatic,All-wheel drive,6,12,17,264,222
Chevrolet,22,60,219,Gasoline,Automatic,Rear-wheel drive,6,11,16,324,373
Chevrolet,77,60,219,Gasoline,Automatic,Rear-wheel drive,4,15,20,195,260
Chevrolet,77,60,219,Gasoline,Automatic,Rear-wheel drive,4,13,18,310,334
Chevrolet,77,60,219,E85,Automatic,All-wheel drive,4,10,13,310,334
Chevrolet,22,60,219,Gasoline,Automatic,Rear-wheel drive,6,11,17,280,295
Chevrolet,22,60,219,Gasoline,Automatic,Rear-wheel drive,6,11,16,324,373
Chevrolet,22,60,219,E85,Automatic,Rear-wheel drive,6,8,12,280,295
Chevrolet,66,123,219,Gasoline,Manual,Front-wheel drive,5,22,32,155,150
Chevrolet,66,123,219,Gasoline,Automatic,Front-wheel drive,4,22,30,155,150
Chevrolet,66,123,219,E85,Manual,Front-wheel drive,5,16,23,155,150
Chevrolet,66,123,219,Gasoline,Automatic,Front-wheel drive,4,22,30,155,150
Chevrolet,66,123,219,E85,Manual,Front-wheel drive,5,16,23,172,167
Chevrolet,66,123,219,Gasoline,Automatic,Front-wheel drive,4,22,30,172,167
Chevrolet,66,123,219,E85,Manual,Front-wheel drive,5,16,23,155,150
Chevrolet,66,123,219,Gasoline,Automatic,Front-wheel drive,4,22,30,155,150
Chevrolet,210,226,59,E85,Automatic,Front-wheel drive,4,14,22,211,216
Chevrolet,210,226,59,E85,Automatic,Front-wheel drive,4,14,22,211,216
Chevrolet,210,226,59,Gasoline,Automatic,Front-wheel drive,4,17,27,230,235
Chevrolet,170,7,249,Gasoline,Automatic,Front-wheel drive,6,22,33,169,160
Chevrolet,170,7,249,Gasoline,Automatic,Front-wheel drive,6,22,33,169,160
Chevrolet,170,7,249,Gasoline,Automatic,Front-wheel drive,6,22,33,169,160
Chevrolet,170,7,249,Gasoline,Automatic,Front-wheel drive,6,17,26,252,251
Chevrolet,170,7,249,Gasoline,Automatic,Front-wheel drive,6,22,33,169,160
Chevrolet,170,7,249,Gasoline,Automatic,Front-wheel drive,6,17,26,252,251
Chevrolet,158,16,217,Gasoline,Automatic,Rear-wheel drive,6,15,21,320,335
Chevrolet,158,16,217,E85,Automatic,All-wheel drive,6,11,16,320,335
Chevrolet,158,16,217,E85,Automatic,Rear-wheel drive,6,11,16,320,335
Chevrolet,158,16,217,Gasoline,Automatic,All-wheel drive,6,15,21,320,335
Chevrolet,158,16,217,Gasoline,Automatic,Rear-wheel drive,6,15,21,320,335
Chevrolet,158,16,217,Gasoline,Automatic,All-wheel drive,6,15,21,320,335
Chevrolet,158,16,217,Gasoline,Automatic,Rear-wheel drive,6,10,16,352,382
Chevrolet,158,16,217,Gasoline,Automatic,All-wheel drive,6,10,15,352,382
Chevrolet,158,16,217,Gasoline,Automatic,Rear-wheel drive,6,10,16,352,382
Chevrolet,158,16,217,Gasoline,Automatic,All-wheel drive,6,10,15,352,382
Chevrolet,161,10,214,Gasoline,Automatic,Rear-wheel drive,6,15,21,320,335
Chevrolet,161,10,214,E85,Automatic,All-wheel drive,6,11,16,320,335
Chevrolet,161,10,214,E85,Automatic,Rear-wheel drive,6,11,16,320,335
Chevrolet,161,10,214,E85,Automatic,All-wheel drive,6,11,16,320,335
Chevrolet,161,10,214,Gasoline,Automatic,Rear-wheel drive,6,15,21,320,335
Chevrolet,161,10,214,Gasoline,Automatic,All-wheel drive,6,15,21,320,335
Chevrolet,102,10,214,Gasoline,Automatic,Rear-wheel drive,4,20,23,332,367
Chevrolet,107,10,214,Gasoline,Automatic,All-wheel drive,4,20,23,332,367
Chevrolet,57,87,199,Gasoline,Automatic,Front-wheel drive,6,17,24,281,266
Chevrolet,57,87,199,Gasoline,Automatic,All-wheel drive,6,16,23,281,266
Chevrolet,57,87,199,Gasoline,Automatic,Front-wheel drive,6,17,24,281,266
Chevrolet,57,87,199,Gasoline,Automatic,All-wheel drive,6,16,23,281,266
Chevrolet,57,87,199,Gasoline,Automatic,Front-wheel drive,6,17,24,281,266
Chevrolet,57,87,199,Gasoline,Automatic,All-wheel drive,6,16,23,281,266
Chevrolet,57,87,199,Gasoline,Automatic,Front-wheel drive,6,17,24,288,270
Chevrolet,57,87,199,Gasoline,Automatic,All-wheel drive,6,16,23,288,270
Chevrolet,153,245,217,Gasoline,Automatic,Rear-wheel drive,6,15,21,320,335
Chevrolet,153,245,217,Gasoline,Automatic,Rear-wheel drive,6,15,21,320,335
Chevrolet,153,245,217,Gasoline,Automatic,Rear-wheel drive,6,15,21,320,335
Chevrolet,153,245,217,Gasoline,Automatic,All-wheel drive,6,15,21,320,335
Chevrolet,153,245,217,Gasoline,Automatic,All-wheel drive,6,15,21,320,335
Chevrolet,153,245,217,Gasoline,Automatic,All-wheel drive,6,15,21,320,335
Chevrolet,112,22,181,Gasoline,Automatic,Rear-wheel drive,4,18,25,185,190
Chevrolet,112,22,181,Gasoline,Automatic,Rear-wheel drive,4,17,23,242,242
Chevrolet,112,22,181,Gasoline,Manual,Rear-wheel drive,5,18,25,185,190
Chevrolet,112,22,181,Gasoline,Automatic,Rear-wheel drive,4,18,25,185,190
Chevrolet,112,22,181,Gasoline,Automatic,Rear-wheel drive,4,17,23,242,242
Chevrolet,181,22,206,Gasoline,Manual,All-wheel drive,5,18,24,185,190
Chevrolet,181,22,206,Gasoline,Automatic,All-wheel drive,4,17,23,185,190
Chevrolet,181,22,206,Gasoline,Automatic,All-wheel drive,4,17,23,242,242
Chevrolet,181,22,206,Gasoline,Manual,All-wheel drive,5,18,24,185,190
Chevrolet,181,22,206,Gasoline,Automatic,All-wheel drive,4,17,23,185,190
Chevrolet,181,22,206,Gasoline,Automatic,All-wheel drive,4,17,23,242,242
Chevrolet,120,140,181,Gasoline,Automatic,Rear-wheel drive,4,17,23,242,242
Chevrolet,120,140,181,Gasoline,Automatic,Rear-wheel drive,4,14,20,300,320
Chevrolet,120,140,181,Gasoline,Automatic,Rear-wheel drive,4,17,23,242,242
Chevrolet,120,140,181,Gasoline,Automatic,Rear-wheel drive,4,14,20,300,320
Chevrolet,120,140,181,Gasoline,Automatic,Rear-wheel drive,4,14,20,300,320
Chevrolet,188,140,206,Gasoline,Automatic,All-wheel drive,4,16,21,242,242
Chevrolet,188,140,206,Gasoline,Automatic,All-wheel drive,4,14,19,300,320
Chevrolet,188,140,206,Gasoline,Automatic,All-wheel drive,4,16,21,242,242
Chevrolet,188,140,206,Gasoline,Automatic,All-wheel drive,4,14,19,300,320
Chevrolet,112,140,181,Gasoline,Automatic,Rear-wheel drive,4,18,25,185,190
Chevrolet,112,140,181,Gasoline,Automatic,Rear-wheel drive,4,17,23,242,242
Chevrolet,112,140,181,Gasoline,Manual,Rear-wheel drive,5,18,25,185,190
Chevrolet,112,140,181,Gasoline,Automatic,Rear-wheel drive,4,18,25,185,190
Chevrolet,112,140,181,Gasoline,Automatic,Rear-wheel drive,4,17,23,242,242
Chevrolet,112,140,181,Gasoline,Automatic,Rear-wheel drive,4,14,20,300,320
Chevrolet,112,140,181,Gasoline,Automatic,Rear-wheel drive,4,17,23,242,242
Chevrolet,112,140,181,Gasoline,Automatic,Rear-wheel drive,4,14,20,300,320
Chevrolet,112,140,181,Gasoline,Automatic,Rear-wheel drive,4,14,20,300,320
Chevrolet,181,140,206,Gasoline,Manual,All-wheel drive,5,18,24,185,190
Chevrolet,181,140,206,Gasoline,Automatic,All-wheel drive,4,17,23,185,190
Chevrolet,181,140,206,Gasoline,Automatic,All-wheel drive,4,17,23,242,242
Chevrolet,181,140,206,Gasoline,Manual,All-wheel drive,5,18,24,185,190
Chevrolet,181,140,206,Gasoline,Automatic,All-wheel drive,4,17,23,185,190
Chevrolet,181,140,206,Gasoline,Automatic,All-wheel drive,4,17,23,242,242
Chevrolet,181,140,206,Gasoline,Automatic,All-wheel drive,4,14,19,300,320
Chevrolet,181,140,206,Gasoline,Automatic,All-wheel drive,4,17,23,242,242
Chevrolet,181,140,206,Gasoline,Automatic,All-wheel drive,4,14,19,300,320
Chevrolet,82,207,240,Gasoline,Automatic,Rear-wheel drive,4,20,223,332,367
Chevrolet,82,207,240,Gasoline,Automatic,Rear-wheel drive,4,20,23,332,367
Chevrolet,82,207,240,Gasoline,Automatic,All-wheel drive,4,20,23,332,367
Chevrolet,82,207,240,Gasoline,Automatic,All-wheel drive,4,20,23,332,367
Chevrolet,77,102,237,Gasoline,Automatic,Rear-wheel drive,4,14,19,302,305
Chevrolet,77,102,237,Gasoline,Automatic,Rear-wheel drive,6,15,21,315,338
Chevrolet,77,102,237,E85,Automatic,Rear-wheel drive,4,10,14,302,305
Chevrolet,77,102,237,E85,Automatic,Rear-wheel drive,6,11,16,315,338
Chevrolet,82,102,237,Gasoline,Automatic,All-wheel drive,4,14,18,195,260
Chevrolet,82,102,237,E85,Automatic,All-wheel drive,4,10,13,302,305
Chevrolet,82,102,237,Gasoline,Automatic,All-wheel drive,6,15,21,315,338
Chevrolet,82,102,237,Gasoline,Automatic,All-wheel drive,4,13,18,302,305
Chevrolet,82,102,237,E85,Automatic,All-wheel drive,6,11,16,315,338
Chevrolet,74,70,237,Gasoline,Automatic,Rear-wheel drive,4,15,20,195,260
Chevrolet,74,70,237,E85,Automatic,Rear-wheel drive,4,10,14,302,305
Chevrolet,74,70,237,E85,Automatic,Rear-wheel drive,6,11,16,315,338
Chevrolet,74,70,237,Gasoline,Automatic,Rear-wheel drive,4,14,19,302,305
Chevrolet,74,70,237,Gasoline,Automatic,Rear-wheel drive,6,15,21,315,338
Chevrolet,82,70,237,Gasoline,Automatic,All-wheel drive,4,14,18,195,260
Chevrolet,82,70,237,Gasoline,Automatic,All-wheel drive,4,13,18,302,305
Chevrolet,82,70,237,E85,Automatic,All-wheel drive,6,11,16,315,338
Chevrolet,82,70,237,E85,Automatic,All-wheel drive,4,10,13,302,305
Chevrolet,82,70,237,E85,Automatic,All-wheel drive,6,11,16,315,338
Chevrolet,82,215,240,Gasoline,Automatic,Rear-wheel drive,6,15,21,315,338
Chevrolet,82,215,240,Gasoline,Automatic,Rear-wheel drive,4,14,19,302,305
Chevrolet,82,215,240,E85,Automatic,Rear-wheel drive,4,10,14,302,305
Chevrolet,82,215,240,Gasoline,Automatic,Rear-wheel drive,6,13,18,403,417
Chevrolet,82,215,240,E85,Automatic,Rear-wheel drive,6,11,16,315,338
Chevrolet,82,215,240,E85,Automatic,Rear-wheel drive,6,11,16,315,338
Chevrolet,82,215,240,E85,Automatic,Rear-wheel drive,6,9,13,403,417
Chevrolet,79,215,240,Gasoline,Automatic,All-wheel drive,4,13,18,302,305
Chevrolet,79,215,240,Gasoline,Automatic,All-wheel drive,6,15,21,315,338
Chevrolet,79,207,240,Gasoline,Automatic,All-wheel drive,4,13,18,302,305
Chevrolet,79,215,240,E85,Automatic,All-wheel drive,4,10,13,302,305
Chevrolet,79,215,240,Gasoline,Automatic,All-wheel drive,6,12,18,403,417
Chevrolet,79,215,240,Gasoline,Automatic,All-wheel drive,6,15,21,315,338
Chevrolet,79,215,240,E85,Automatic,All-wheel drive,6,9,13,403,417
Chevrolet,85,215,237,E85,Automatic,Rear-wheel drive,4,10,14,302,305
Chevrolet,85,215,237,E85,Automatic,Rear-wheel drive,6,11,16,315,338
Chevrolet,85,215,237,Gasoline,Automatic,Front-wheel drive,4,14,19,302,305
Chevrolet,85,215,237,E85,Automatic,Rear-wheel drive,4,10,14,302,305
Chevrolet,85,215,237,E85,Automatic,Rear-wheel drive,6,9,13,403,417
Chevrolet,85,215,237,Gasoline,Automatic,Rear-wheel drive,6,15,21,315,338
Chevrolet,85,215,237,E85,Automatic,Rear-wheel drive,6,9,13,403,417
Chevrolet,96,215,237,E85,Automatic,All-wheel drive,4,10,13,302,305
Chevrolet,79,215,237,E85,Automatic,All-wheel drive,6,11,16,315,338
Chevrolet,79,215,237,E85,Automatic,All-wheel drive,4,10,13,302,305
Chevrolet,79,215,237,E85,Automatic,All-wheel drive,4,10,13,302,305
Chevrolet,79,215,237,E85,Automatic,All-wheel drive,6,9,13,403,417
Chevrolet,79,215,237,Gasoline,Automatic,All-wheel drive,6,15,21,315,338
Chevrolet,79,215,237,Gasoline,Automatic,All-wheel drive,6,12,18,403,417
Chevrolet,77,185,237,E85,Automatic,Rear-wheel drive,6,11,16,315,338
Chevrolet,77,185,237,Gasoline,Automatic,Rear-wheel drive,6,15,21,315,338
Chevrolet,77,185,237,Gasoline,Automatic,Rear-wheel drive,6,15,21,315,338
Chevrolet,77,185,237,E85,Automatic,All-wheel drive,6,11,16,315,338
Chevrolet,77,185,237,Gasoline,Automatic,All-wheel drive,6,15,21,315,338
Chevrolet,77,185,237,Gasoline,Automatic,All-wheel drive,6,15,21,315,338
Ford,193,57,160,Gasoline,Manual,Front-wheel drive,5,38,37,120,112
Ford,193,57,160,Gasoline,Manual,Front-wheel drive,5,28,37,120,112
Ford,193,57,160,Gasoline,Manual,Front-wheel drive,5,28,37,120,112
Ford,193,226,160,Gasoline,Manual,Front-wheel drive,5,28,37,120,112
Ford,193,226,160,Gasoline,Manual,Front-wheel drive,5,28,37,120,112
Ford,208,93,186,Gasoline,Manual,Front-wheel drive,5,25,35,140,136
Ford,208,93,186,Gasoline,Automatic,Front-wheel drive,4,25,34,140,136
Ford,208,93,186,Gasoline,Manual,Front-wheel drive,5,25,35,140,136
Ford,208,93,186,Gasoline,Automatic,Front-wheel drive,4,25,34,140,136
Ford,208,93,186,Gasoline,Manual,Front-wheel drive,5,25,35,140,136
Ford,208,93,186,Gasoline,Automatic,Front-wheel drive,4,25,34,140,136
Ford,208,93,186,Gasoline,Automatic,Front-wheel drive,4,25,34,140,136
Ford,165,233,41,Gasoline,Manual,Front-wheel drive,6,22,29,175,172
Ford,165,233,41,Gasoline,Automatic,Front-wheel drive,6,23,33,175,172
Ford,165,233,41,Gasoline,Manual,Front-wheel drive,6,22,29,175,172
Ford,165,233,41,Gasoline,Automatic,Front-wheel drive,6,23,33,175,172
Ford,165,233,41,E85,Automatic,Front-wheel drive,6,14,21,240,228
Ford,165,233,41,E85,Automatic,All-wheel drive,6,13,19,240,228
Ford,165,233,41,Gasoline,Automatic,Front-wheel drive,6,18,27,263,249
Ford,165,233,41,Gasoline,Automatic,All-wheel drive,6,17,24,263,249
Ford,165,233,41,E85,Automatic,Front-wheel drive,6,14,21,240,228
Ford,165,233,41,Gasoline,Automatic,Front-wheel drive,6,23,33,175,172
Ford,144,169,85,Gasoline,Manual,Rear-wheel drive,6,19,29,305,280
Ford,144,169,85,Gasoline,Automatic,Rear-wheel drive,6,19,30,305,280
Ford,144,169,85,Gasoline,Manual,Rear-wheel drive,6,19,29,305,280
Ford,144,169,85,Gasoline,Automatic,Rear-wheel drive,6,19,30,305,280
Ford,137,169,85,Gasoline,Manual,Rear-wheel drive,6,17,26,412,390
Ford,137,169,85,Gasoline,Automatic,Rear-wheel drive,6,18,25,412,390
Ford,137,169,85,Gasoline,Manual,Rear-wheel drive,6,17,26,412,390
Ford,137,169,85,Gasoline,Automatic,Rear-wheel drive,6,18,25,412,390
Ford,144,169,85,Gasoline,Manual,Rear-wheel drive,6,19,29,305,280
Ford,144,169,85,Gasoline,Automatic,Rear-wheel drive,6,19,31,305,280
Ford,144,169,85,Gasoline,Manual,Rear-wheel drive,6,19,29,305,280
Ford,144,169,85,Gasoline,Automatic,Rear-wheel drive,6,19,31,305,280
Ford,137,169,85,Gasoline,Manual,Rear-wheel drive,6,17,26,412,390
Ford,137,169,85,Gasoline,Automatic,Rear-wheel drive,6,18,25,412,390
Ford,137,169,85,Gasoline,Manual,Rear-wheel drive,6,17,26,412,390
Ford,137,169,85,Gasoline,Automatic,Rear-wheel drive,6,18,25,412,390
Ford,139,172,85,Gasoline,Manual,Rear-wheel drive,6,15,23,550,510
Ford,104,172,85,Gasoline,Manual,Rear-wheel drive,6,15,23,550,510
Ford,5,33,143,Gasoline,Automatic,Front-wheel drive,6,18,28,263,249
Ford,5,33,143,Gasoline,Automatic,Front-wheel drive,6,18,27,263,249
Ford,5,33,143,Gasoline,Automatic,All-wheel drive,6,17,25,263,249
Ford,5,33,143,Gasoline,Automatic,Front-wheel drive,6,18,27,263,249
Ford,5,33,143,Gasoline,Automatic,All-wheel drive,6,17,25,263,249
Ford,165,70,138,Gasoline,Automatic,Front-wheel drive,6,19,26,285,253
Ford,165,70,138,Gasoline,Automatic,Front-wheel drive,6,19,26,285,253
Ford,165,70,138,Gasoline,Automatic,All-wheel drive,6,18,26,285,253
Ford,165,70,138,Gasoline,Automatic,Front-wheel drive,6,19,26,285,253
Ford,165,70,138,Gasoline,Automatic,All-wheel drive,6,18,26,285,253
Ford,165,70,138,Gasoline,Automatic,Front-wheel drive,6,18,25,305,280
Ford,165,70,138,Gasoline,Automatic,All-wheel drive,6,17,23,305,280
Ford,191,5,135,Gasoline,Automatic,Front-wheel drive,6,17,24,262,248
Ford,191,5,135,Gasoline,Automatic,Front-wheel drive,6,17,24,262,248
Ford,191,5,135,Gasoline,Automatic,All-wheel drive,6,16,22,262,248
Ford,191,5,135,Gasoline,Automatic,All-wheel drive,6,16,22,355,350
Ford,191,5,135,Gasoline,Automatic,Front-wheel drive,6,17,24,262,248
Ford,191,5,135,Gasoline,Automatic,All-wheel drive,6,16,22,262,248
Ford,191,5,135,Gasoline,Automatic,All-wheel drive,6,16,22,355,350
Ford,191,5,135,Gasoline,Automatic,Front-wheel drive,6,17,24,262,248
Ford,191,5,135,Gasoline,Automatic,All-wheel drive,6,16,22,262,248
Ford,191,5,135,Gasoline,Automatic,All-wheel drive,6,16,22,355,350
Ford,188,85,13,Gasoline,Manual,Front-wheel drive,5,23,28,171,171
Ford,188,85,13,Gasoline,Automatic,Front-wheel drive,6,21,28,171,171
Ford,186,85,13,Gasoline,Automatic,All-wheel drive,6,22,26,171,171
Ford,188,85,13,Gasoline,Automatic,Front-wheel drive,6,21,28,171,171
Ford,188,85,13,Gasoline,Automatic,Front-wheel drive,6,19,25,240,223
Ford,186,85,13,Gasoline,Automatic,All-wheel drive,6,22,26,171,171
Ford,186,85,13,E85,Automatic,All-wheel drive,6,13,17,240,223
Ford,188,85,13,Gasoline,Automatic,Front-wheel drive,6,21,28,171,171
Ford,188,85,13,Gasoline,Automatic,Front-wheel drive,6,19,25,240,223
Ford,186,85,13,Gasoline,Automatic,All-wheel drive,6,22,26,171,171
Ford,252,142,212,Gasoline,Automatic,Front-wheel drive,6,17,25,290,255
Ford,11,142,212,Gasoline,Automatic,All-wheel drive,6,17,23,290,255
Ford,252,142,212,Gasoline,Automatic,Front-wheel drive,6,17,25,290,255
Ford,11,142,212,Gasoline,Automatic,All-wheel drive,6,17,23,290,255
Ford,252,142,212,Gasoline,Automatic,Front-wheel drive,6,17,25,290,255
Ford,11,142,212,Gasoline,Automatic,All-wheel drive,6,17,23,290,255
Ford,181,125,209,E85,Automatic,Rear-wheel drive,6,10,15,310,365
Ford,181,125,209,Gasoline,Automatic,All-wheel drive,6,13,18,310,365
Ford,181,125,209,E85,Automatic,Rear-wheel drive,6,10,15,310,365
Ford,181,125,209,E85,Automatic,All-wheel drive,6,9,13,310,365
Ford,181,245,209,E85,Automatic,Rear-wheel drive,6,10,15,310,365
Ford,181,245,209,Gasoline,Automatic,All-wheel drive,6,13,18,310,365
Ford,181,245,209,E85,Automatic,Rear-wheel drive,6,10,15,310,365
Ford,181,245,209,E85,Automatic,All-wheel drive,6,9,13,310,365
Ford,181,125,209,Gasoline,Automatic,Rear-wheel drive,6,14,20,310,365
Ford,181,125,209,E85,Automatic,All-wheel drive,6,9,13,310,365
Ford,181,125,209,E85,Automatic,Rear-wheel drive,6,10,15,310,365
Ford,181,125,209,Gasoline,Automatic,All-wheel drive,6,13,18,310,365
Ford,181,125,209,Gasoline,Automatic,Rear-wheel drive,6,14,20,310,365
Ford,181,125,209,E85,Automatic,All-wheel drive,6,9,13,310,365
Ford,181,125,209,E85,Automatic,Rear-wheel drive,6,10,15,310,365
Ford,181,125,209,Gasoline,Automatic,Rear-wheel drive,6,14,20,310,365
Ford,222,237,3,Gasoline,Automatic,Front-wheel drive,4,21,26,136,128
Ford,222,237,3,Gasoline,Automatic,Front-wheel drive,4,21,26,136,128
Ford,222,237,3,Gasoline,Automatic,Front-wheel drive,4,21,26,136,128
Ford,222,237,3,Gasoline,Automatic,Front-wheel drive,4,21,26,136,128
Ford,145,202,224,Gasoline,Manual,Rear-wheel drive,5,22,27,143,154
Ford,125,36,166,Diesel fuel,Automatic,All-wheel drive,7,18,24,210,400
Ford,148,51,226,Gasoline,Manual,Rear-wheel drive,5,22,27,143,154
Ford,148,51,226,Gasoline,Automatic,Rear-wheel drive,5,19,24,143,154
Ford,145,202,224,Gasoline,Manual,Rear-wheel drive,5,22,27,143,154
Ford,125,36,166,Diesel fuel,Automatic,All-wheel drive,7,18,24,210,400
Ford,148,51,226,Gasoline,Manual,Rear-wheel drive,5,22,27,143,154
Ford,148,51,226,Gasoline,Automatic,Rear-wheel drive,5,19,24,143,154
Ford,148,51,226,Gasoline,Manual,Rear-wheel drive,5,16,21,207,238
Ford,148,51,226,Gasoline,Automatic,Rear-wheel drive,5,15,20,207,238
Ford,148,51,226,Gasoline,Manual,Rear-wheel drive,5,22,27,143,154
Ford,148,51,226,Gasoline,Automatic,Rear-wheel drive,5,19,24,143,154
Ford,183,51,19,Gasoline,Manual,All-wheel drive,5,15,19,207,238
Ford,183,51,19,Gasoline,Automatic,All-wheel drive,5,14,18,207,238
Ford,148,51,226,Gasoline,Manual,Rear-wheel drive,5,16,21,207,238
Ford,148,51,226,Gasoline,Automatic,Rear-wheel drive,5,15,20,207,238
Ford,148,51,226,Gasoline,Manual,Rear-wheel drive,5,16,21,207,238
Ford,148,51,226,Gasoline,Automatic,Rear-wheel drive,5,15,20,207,238
Ford,183,51,19,Gasoline,Manual,All-wheel drive,5,15,19,207,238
Ford,183,51,19,Gasoline,Automatic,All-wheel drive,5,14,18,207,238
Ford,37,128,224,Gasoline,Automatic,Rear-wheel drive,4,13,16,225,286
Ford,37,128,224,Gasoline,Automatic,Rear-wheel drive,4,12,15,255,350
Ford,37,128,224,E85,Automatic,Rear-wheel drive,4,9,12,225,286
Ford,37,128,224,E85,Automatic,Rear-wheel drive,4,9,12,255,350
Ford,62,128,224,Gasoline,Automatic,Rear-wheel drive,4,11,15,255,350
Ford,62,128,224,Gasoline,Automatic,Rear-wheel drive,5,10,13,305,420
Ford,42,124,224,Gasoline,Automatic,Rear-wheel drive,4,11,15,255,350
Ford,42,124,224,Gasoline,Automatic,Rear-wheel drive,5,10,13,305,420
Ford,62,128,224,Gasoline,Automatic,Rear-wheel drive,4,11,15,255,350
Ford,62,128,224,Gasoline,Automatic,Rear-wheel drive,5,10,13,305,420
Ford,42,124,224,E85,Automatic,Rear-wheel drive,4,9,11,255,350
Ford,42,124,224,Gasoline,Automatic,Rear-wheel drive,5,10,13,305,420
Ford,44,128,224,Gasoline,Automatic,Rear-wheel drive,4,13,17,225,286
Ford,44,128,224,E85,Automatic,Rear-wheel drive,4,9,12,255,350
Ford,50,116,224,E85,Automatic,Rear-wheel drive,4,10,12,225,286
Ford,50,116,224,E85,Automatic,Rear-wheel drive,4,9,12,255,350
Ford,44,128,224,Gasoline,Automatic,Rear-wheel drive,4,13,17,225,286
Ford,44,128,224,E85,Automatic,Rear-wheel drive,4,9,12,255,350
Ford,105,128,224,Gasoline,Automatic,Rear-wheel drive,4,13,17,225,286
Ford,105,128,224,E85,Automatic,Rear-wheel drive,4,9,12,255,350
Ford,111,116,224,Gasoline,Automatic,Rear-wheel drive,4,13,17,225,286
Ford,111,116,224,E85,Automatic,Rear-wheel drive,4,9,12,255,350
Ford,105,128,224,Gasoline,Automatic,Rear-wheel drive,4,13,17,225,286
Ford,105,128,224,E85,Automatic,Rear-wheel drive,4,9,12,255,350
Ford,111,116,224,E85,Automatic,Rear-wheel drive,4,10,12,225,286
Ford,111,116,224,E85,Automatic,Rear-wheel drive,4,9,12,255,350
Ford,77,128,224,Gasoline,Automatic,Rear-wheel drive,4,12,15,255,350
Ford,77,128,224,Gasoline,Automatic,Rear-wheel drive,5,10,14,305,420
Ford,75,116,224,E85,Automatic,Rear-wheel drive,4,9,12,255,350
Ford,75,116,224,Gasoline,Automatic,Rear-wheel drive,5,10,14,305,420
Ford,77,128,224,E85,Automatic,Rear-wheel drive,4,9,12,255,350
Ford,77,128,224,Gasoline,Automatic,Rear-wheel drive,5,10,14,305,420
Ford,75,116,224,E85,Automatic,Rear-wheel drive,4,9,12,255,350
Ford,75,116,224,Gasoline,Automatic,Rear-wheel drive,5,10,14,305,420
Ford,135,253,212,Gasoline,Automatic,Rear-wheel drive,6,15,21,360,380
Ford,135,253,212,Gasoline,Automatic,Rear-wheel drive,6,16,22,365,420
Ford,95,253,212,E85,Automatic,Rear-wheel drive,6,11,15,360,380
Ford,95,253,212,Gasoline,Automatic,Rear-wheel drive,6,16,22,365,420
Ford,95,45,212,E85,Automatic,Rear-wheel drive,6,11,15,360,380
Ford,95,45,212,Gasoline,Automatic,Rear-wheel drive,6,16,22,365,420
Ford,135,253,212,Gasoline,Automatic,All-wheel drive,6,14,19,360,380
Ford,135,253,212,Gasoline,Automatic,All-wheel drive,6,15,21,365,420
Ford,143,253,212,Gasoline,Automatic,All-wheel drive,6,14,19,360,380
Ford,143,253,212,Gasoline,Automatic,All-wheel drive,6,15,21,365,420
Ford,148,45,212,Gasoline,Automatic,All-wheel drive,6,14,19,360,380
Ford,148,45,212,Gasoline,Automatic,All-wheel drive,6,15,21,365,420
Ford,95,45,212,Gasoline,Automatic,Rear-wheel drive,6,15,21,360,380
Ford,95,45,212,Gasoline,Automatic,Rear-wheel drive,6,16,22,365,420
Ford,148,45,212,Gasoline,Automatic,All-wheel drive,6,14,19,360,380
Ford,148,45,212,Gasoline,Automatic,All-wheel drive,6,15,21,365,420
Ford,95,253,212,Gasoline,Automatic,Rear-wheel drive,6,15,21,360,380
Ford,95,253,212,Gasoline,Automatic,Rear-wheel drive,6,16,22,365,420
Ford,143,253,212,Gasoline,Automatic,All-wheel drive,6,14,19,360,380
Ford,143,253,212,Gasoline,Automatic,All-wheel drive,6,15,21,365,420
Ford,135,253,212,E85,Automatic,Rear-wheel drive,6,11,15,360,380
Ford,135,253,212,E85,Automatic,All-wheel drive,6,10,14,360,380
Ford,135,253,212,E85,Automatic,All-wheel drive,6,10,14,360,380
Ford,135,253,212,Gasoline,Automatic,All-wheel drive,6,15,21,365,420
Ford,95,253,212,Gasoline,Automatic,Rear-wheel drive,6,15,21,360,380
Ford,95,253,212,Gasoline,Automatic,Rear-wheel drive,6,16,22,365,420
Ford,95,253,212,Gasoline,Automatic,Rear-wheel drive,6,13,18,411,434
Ford,143,253,212,E85,Automatic,All-wheel drive,6,10,14,360,380
Ford,143,253,212,Gasoline,Automatic,All-wheel drive,6,15,21,365,420
Ford,143,253,212,Gasoline,Automatic,All-wheel drive,6,12,16,411,434
Ford,95,45,212,E85,Automatic,Rear-wheel drive,6,11,15,360,380
Ford,95,253,212,E85,Automatic,Rear-wheel drive,6,11,15,360,380
Ford,95,253,212,Gasoline,Automatic,Rear-wheel drive,6,16,22,365,420
Ford,148,45,212,Gasoline,Automatic,All-wheel drive,6,15,21,365,420
Ford,95,253,212,E85,Automatic,Rear-wheel drive,6,11,15,360,380
Ford,95,253,212,Gasoline,Automatic,Rear-wheel drive,6,16,22,365,420
Ford,95,253,212,Gasoline,Automatic,Rear-wheel drive,6,13,18,411,434
Ford,143,253,212,E85,Automatic,All-wheel drive,6,10,14,360,380
Ford,143,253,212,Gasoline,Automatic,All-wheel drive,6,15,21,365,420
Ford,143,253,212,Gasoline,Automatic,All-wheel drive,6,12,16,411,434
Ford,95,45,212,Gasoline,Automatic,Rear-wheel drive,6,15,21,360,380
Ford,95,45,212,Gasoline,Automatic,Rear-wheel drive,6,16,22,365,420
Ford,143,253,212,Gasoline,Automatic,All-wheel drive,6,14,19,360,380
Ford,143,253,212,Gasoline,Automatic,All-wheel drive,6,15,21,365,420
Ford,102,36,212,E85,Automatic,Rear-wheel drive,6,12,17,302,278
Ford,102,36,212,Gasoline,Automatic,Rear-wheel drive,6,15,21,360,380
Ford,138,36,212,Gasoline,Automatic,All-wheel drive,6,16,21,302,278
Ford,138,36,212,E85,Automatic,All-wheel drive,6,10,14,360,380
Ford,135,253,212,E85,Automatic,Rear-wheel drive,6,12,17,302,278
Ford,135,253,212,Gasoline,Automatic,Rear-wheel drive,6,15,21,360,380
Ford,135,253,212,Gasoline,Automatic,All-wheel drive,6,16,21,302,278
Ford,135,253,212,E85,Automatic,All-wheel drive,6,10,14,360,380
Ford,199,234,144,Gasoline,Automatic,All-wheel drive,6,12,16,411,434
Ford,199,7,144,Gasoline,Automatic,All-wheel drive,6,12,16,411,434
Ford,102,36,212,Gasoline,Automatic,Rear-wheel drive,6,17,23,302,278
Ford,102,36,212,Gasoline,Automatic,Rear-wheel drive,6,15,21,360,380
Ford,138,36,212,Gasoline,Automatic,All-wheel drive,6,16,21,302,278
Ford,138,36,212,E85,Automatic,All-wheel drive,6,10,14,360,380
Ford,143,253,212,Gasoline,Automatic,Rear-wheel drive,6,17,23,365,420
Ford,143,253,212,Gasoline,Automatic,Rear-wheel drive,6,15,21,360,380
Ford,143,253,212,Gasoline,Automatic,Rear-wheel drive,6,16,22,365,420
Ford,133,253,212,Gasoline,Automatic,All-wheel drive,6,16,21,302,278
Ford,133,253,212,E85,Automatic,All-wheel drive,6,10,14,360,380
Ford,133,253,212,Gasoline,Automatic,All-wheel drive,6,15,21,365,420
Ford,135,253,212,E85,Automatic,Rear-wheel drive,6,12,17,302,278
Ford,135,253,212,Gasoline,Automatic,Rear-wheel drive,6,15,21,360,380
Ford,135,253,212,Gasoline,Automatic,Rear-wheel drive,6,16,22,365,420
Ford,135,253,212,Gasoline,Automatic,All-wheel drive,6,16,21,302,278
Ford,135,253,212,Gasoline,Automatic,All-wheel drive,6,14,19,360,380
Ford,102,36,212,E85,Automatic,Rear-wheel drive,6,12,17,302,278
Ford,102,36,212,E85,Automatic,Rear-wheel drive,6,11,15,360,380
Ford,135,213,212,Gasoline,Automatic,Rear-wheel drive,6,15,21,360,380
Ford,135,213,212,Gasoline,Automatic,Rear-wheel drive,6,16,22,365,420
Ford,156,213,212,Gasoline,Automatic,All-wheel drive,6,16,21,302,278
Ford,156,213,212,E85,Automatic,All-wheel drive,6,10,14,360,380
Ford,156,213,212,Gasoline,Automatic,All-wheel drive,6,15,21,365,420
Ford,95,253,212,E85,Automatic,Rear-wheel drive,6,12,17,302,278
Ford,135,253,212,Gasoline,Automatic,Rear-wheel drive,6,17,23,302,278
Ford,143,253,212,E85,Automatic,All-wheel drive,6,10,14,360,380
Ford,143,253,212,Gasoline,Automatic,All-wheel drive,6,15,21,365,420
Ford,95,45,212,Gasoline,Automatic,Rear-wheel drive,6,15,21,360,380
Ford,148,45,212,Gasoline,Automatic,All-wheel drive,6,14,19,360,380
Ford,102,45,212,Gasoline,Automatic,Rear-wheel drive,6,17,23,302,278
Ford,102,45,212,E85,Automatic,Rear-wheel drive,6,11,15,360,380
Ford,138,36,212,Gasoline,Automatic,All-wheel drive,6,16,21,302,278
Ford,138,36,212,E85,Automatic,All-wheel drive,6,10,14,360,380
Ford,143,253,212,E85,Automatic,Rear-wheel drive,6,12,17,302,278
Ford,143,253,212,E85,Automatic,Rear-wheel drive,6,11,15,360,380
Ford,143,253,212,Gasoline,Automatic,Rear-wheel drive,6,16,22,365,420
Ford,156,213,212,Gasoline,Automatic,All-wheel drive,6,14,19,360,380
Ford,133,253,212,E85,Automatic,All-wheel drive,6,10,14,360,380
Ford,133,253,212,Gasoline,Automatic,All-wheel drive,6,15,21,365,420
Ford,135,253,212,E85,Automatic,Rear-wheel drive,6,12,17,302,278
Ford,135,253,212,E85,Automatic,Rear-wheel drive,6,11,15,360,380
Ford,135,253,212,Gasoline,Automatic,Rear-wheel drive,6,16,22,365,420
Ford,135,253,212,Gasoline,Automatic,All-wheel drive,6,16,21,302,278
Ford,135,253,212,E85,Automatic,All-wheel drive,6,10,14,360,380
Ford,135,253,212,Gasoline,Automatic,All-wheel drive,6,15,21,365,420
Ford,135,213,212,E85,Automatic,Rear-wheel drive,6,12,17,302,278
Ford,135,213,212,Gasoline,Automatic,Rear-wheel drive,6,15,21,360,380
Ford,135,213,212,Gasoline,Automatic,Rear-wheel drive,6,16,22,365,420
Ford,156,213,212,Gasoline,Automatic,All-wheel drive,6,14,19,360,380
Ford,156,213,212,Gasoline,Automatic,All-wheel drive,6,15,21,365,420
Ford,95,253,212,Gasoline,Automatic,Rear-wheel drive,6,17,23,302,278
Ford,95,253,212,E85,Automatic,Rear-wheel drive,6,11,15,360,380
Ford,95,253,212,Gasoline,Automatic,Rear-wheel drive,6,16,22,365,420
Ford,143,253,212,E85,Automatic,All-wheel drive,6,10,14,360,380
Ford,143,253,212,Gasoline,Automatic,All-wheel drive,6,15,21,365,420
Ford,95,45,212,Gasoline,Automatic,Rear-wheel drive,6,15,21,360,380
Ford,95,45,212,Gasoline,Automatic,Rear-wheel drive,6,16,22,365,420
Ford,148,45,212,Gasoline,Automatic,All-wheel drive,6,14,19,360,380
Ford,148,45,212,Gasoline,Automatic,All-wheel drive,6,15,21,365,420
Ford,95,253,212,Gasoline,Automatic,Rear-wheel drive,6,13,18,411,434
Ford,143,253,212,Gasoline,Automatic,All-wheel drive,6,12,16,411,434
Ford,95,253,212,Gasoline,Automatic,Rear-wheel drive,6,13,18,411,434
Ford,135,2,219,Gasoline,Automatic,All-wheel drive,6,12,16,411,434
Honda,152,240,57,Gasoline,Manual,Front-wheel drive,5,23,32,190,162
Honda,152,240,57,Gasoline,Automatic,Front-wheel drive,5,22,33,190,162
Honda,152,240,57,Gasoline,Manual,Front-wheel drive,6,17,26,271,251
Honda,152,240,57,Gasoline,Manual,Front-wheel drive,5,23,32,190,162
Honda,152,240,57,Gasoline,Automatic,Front-wheel drive,5,19,29,271,251
Honda,152,240,57,Gasoline,Automatic,Front-wheel drive,5,22,33,190,162
Honda,152,240,57,Gasoline,Automatic,Front-wheel drive,5,22,33,190,162
Honda,195,86,54,Gasoline,Manual,Front-wheel drive,5,23,33,177,161
Honda,195,86,54,Gasoline,Automatic,Front-wheel drive,5,23,34,177,161
Honda,195,86,54,Gasoline,Automatic,Front-wheel drive,5,23,34,177,161
Honda,195,86,54,Gasoline,Automatic,Front-wheel drive,5,23,34,177,161
Honda,195,86,54,Gasoline,Manual,Front-wheel drive,5,23,33,190,162
Honda,195,86,54,Gasoline,Automatic,Front-wheel drive,5,23,34,190,162
Honda,195,86,54,Gasoline,Automatic,Front-wheel drive,5,20,30,271,254
Honda,195,86,54,Gasoline,Automatic,Front-wheel drive,5,23,34,190,162
Honda,195,86,54,Gasoline,Automatic,Front-wheel drive,5,20,30,271,254
Honda,132,134,105,Gasoline,Automatic,Front-wheel drive,5,18,27,271,254
Honda,132,134,105,Gasoline,Automatic,Front-wheel drive,5,18,27,271,254
Honda,132,134,105,Gasoline,Automatic,All-wheel drive,5,18,26,271,254
Honda,117,105,214,Gasoline,Manual,Front-wheel drive,5,26,34,140,128
Honda,117,105,214,Gasoline,Automatic,Front-wheel drive,5,25,36,140,128
Honda,117,105,214,Gasoline,Manual,Front-wheel drive,5,26,34,140,128
Honda,117,105,214,Gasoline,Automatic,Front-wheel drive,5,25,36,140,128
Honda,117,105,214,Gasoline,Manual,Front-wheel drive,5,26,34,140,128
Honda,117,105,214,Gasoline,Automatic,Front-wheel drive,5,25,36,140,128
Honda,117,105,214,Gasoline,Automatic,Front-wheel drive,5,25,36,140,128
Honda,117,105,214,Gasoline,Manual,Front-wheel drive,6,21,29,197,139
Honda,155,151,216,Gasoline,Manual,Front-wheel drive,5,26,34,140,128
Honda,155,151,216,Gasoline,Automatic,Front-wheel drive,5,25,36,140,128
Honda,155,151,216,Gasoline,Manual,Front-wheel drive,5,26,34,140,128
Honda,155,151,216,Gasoline,Automatic,Front-wheel drive,5,25,36,140,128
Honda,155,151,216,Gasoline,Manual,Front-wheel drive,5,26,34,140,128
Honda,155,151,216,Gasoline,Automatic,Front-wheel drive,5,25,36,140,128
Honda,155,151,216,Gasoline,Manual,Front-wheel drive,5,26,34,140,128
Honda,155,151,216,Gasoline,Automatic,Front-wheel drive,5,25,36,140,128
Honda,155,151,216,Gasoline,Manual,Front-wheel drive,5,26,34,140,128
Honda,155,151,216,Gasoline,Automatic,Front-wheel drive,5,25,36,140,128
Honda,155,151,216,Gasoline,Automatic,Front-wheel drive,5,25,36,140,128
Honda,155,151,216,Gasoline,Manual,Front-wheel drive,6,21,29,197,139
Honda,155,151,216,Compressed natural gas,Automatic,Front-wheel drive,5,24,36,113,109
Honda,114,239,203,Gasoline,Manual,Front-wheel drive,6,31,37,122,128
Honda,114,239,203,Gasoline,Manual,Front-wheel drive,6,31,37,122,128
Honda,244,8,158,Gasoline,Manual,Front-wheel drive,5,27,33,117,106
Honda,244,8,158,Gasoline,Automatic,Front-wheel drive,5,28,35,117,106
Honda,244,8,158,Gasoline,Manual,Front-wheel drive,5,27,33,117,106
Honda,244,8,158,Gasoline,Automatic,Front-wheel drive,5,27,33,117,106
Honda,142,202,26,Gasoline,Automatic,Front-wheel drive,5,21,28,180,161
Honda,142,202,26,Gasoline,Automatic,All-wheel drive,5,21,27,180,161
Honda,142,202,26,Gasoline,Automatic,Front-wheel drive,5,21,28,180,161
Honda,142,202,26,Gasoline,Automatic,All-wheel drive,5,21,27,180,161
Honda,142,202,26,Gasoline,Automatic,Front-wheel drive,5,21,28,180,161
Honda,142,202,26,Gasoline,Automatic,All-wheel drive,5,21,27,180,161
Honda,142,202,26,Gasoline,Automatic,Front-wheel drive,5,21,28,180,161
Honda,142,202,26,Gasoline,Automatic,All-wheel drive,5,21,27,180,161
Honda,252,219,26,Gasoline,Automatic,Front-wheel drive,5,20,25,166,161
Honda,252,219,26,Gasoline,Automatic,All-wheel drive,5,19,24,166,161
Honda,252,219,26,Gasoline,Automatic,Front-wheel drive,5,20,25,166,161
Honda,252,219,26,Gasoline,Automatic,All-wheel drive,5,19,24,166,161
Honda,11,240,201,Gasoline,Automatic,Front-wheel drive,5,17,23,250,253
Honda,11,240,201,Gasoline,Automatic,All-wheel drive,5,16,22,250,253
Honda,54,240,201,Gasoline,Automatic,Front-wheel drive,5,17,23,250,253
Honda,54,240,201,Gasoline,Automatic,All-wheel drive,5,16,22,250,253
Honda,54,240,201,Gasoline,Automatic,Front-wheel drive,5,17,23,250,253
Honda,54,240,201,Gasoline,Automatic,All-wheel drive,5,16,22,250,253
Honda,54,240,201,Gasoline,Automatic,Front-wheel drive,5,17,23,250,253
Honda,54,240,201,Gasoline,Automatic,All-wheel drive,5,16,22,250,253
Honda,11,240,201,Gasoline,Automatic,All-wheel drive,5,16,22,250,253
Honda,201,33,219,Gasoline,Automatic,Front-wheel drive,5,18,27,248,250
Honda,201,33,219,Gasoline,Automatic,Front-wheel drive,5,18,27,248,250
Honda,201,33,219,Gasoline,Automatic,Front-wheel drive,5,18,27,248,250
Honda,201,33,219,Gasoline,Automatic,Front-wheel drive,6,19,28,248,250
Honda,201,33,219,Gasoline,Automatic,Front-wheel drive,6,19,28,248,250
Honda,249,137,184,Gasoline,Automatic,All-wheel drive,5,15,20,250,247
Honda,249,137,184,Gasoline,Automatic,All-wheel drive,5,15,20,250,247
Honda,16,137,184,Gasoline,Automatic,All-wheel drive,5,15,20,250,247
Nissan,43,52,52,Gasoline,Manual,Rear-wheel drive,6,18,26,350,276
Nissan,45,150,57,Gasoline,Manual,Rear-wheel drive,6,18,25,332,270
Nissan,45,150,57,Gasoline,Automatic,Rear-wheel drive,7,18,25,332,270
Nissan,45,150,57,Gasoline,Manual,Rear-wheel drive,6,18,25,332,270
Nissan,45,150,57,Gasoline,Automatic,Rear-wheel drive,7,18,25,332,270
Nissan,35,150,52,Gasoline,Manual,Rear-wheel drive,6,18,26,332,270
Nissan,35,150,52,Gasoline,Manual,Rear-wheel drive,6,18,26,332,270
Nissan,35,150,52,Gasoline,Automatic,Rear-wheel drive,7,19,26,332,270
Nissan,35,150,52,Gasoline,Manual,Rear-wheel drive,6,18,26,332,270
Nissan,139,242,3,Gasoline,Manual,Front-wheel drive,6,23,31,175,180
Nissan,139,242,3,Gasoline,Manual,Front-wheel drive,6,18,27,270,258
Nissan,189,155,222,Gasoline,Automatic,All-wheel drive,5,12,18,317,385
Nissan,189,155,222,Gasoline,Automatic,All-wheel drive,5,12,18,317,385
Nissan,189,155,222,Gasoline,Automatic,All-wheel drive,5,12,18,317,385
Nissan,168,155,222,Gasoline,Automatic,Rear-wheel drive,5,13,19,317,385
Nissan,168,155,222,Gasoline,Automatic,Rear-wheel drive,5,12,18,317,385
Nissan,168,155,222,Gasoline,Automatic,Rear-wheel drive,5,12,18,317,385
Nissan,115,140,158,Gasoline,Manual,Front-wheel drive,6,25,30,122,127
Nissan,115,140,158,Gasoline,Manual,Front-wheel drive,6,25,30,122,127
Nissan,33,28,229,Gasoline,Manual,Front-wheel drive,6,24,31,188,177
Nissan,33,28,229,Gasoline,Manual,Front-wheel drive,6,24,31,188,177
Nissan,41,20,57,Gasoline,Automatic,Rear-wheel drive,5,15,22,266,288
Nissan,41,20,57,Gasoline,Automatic,Rear-wheel drive,5,15,22,266,288
Nissan,52,20,57,Gasoline,Automatic,All-wheel drive,5,14,20,266,288
Nissan,52,20,57,Gasoline,Automatic,All-wheel drive,5,14,20,266,288
Nissan,36,20,57,Gasoline,Automatic,Rear-wheel drive,5,15,22,266,288
Nissan,52,20,57,Gasoline,Automatic,All-wheel drive,5,14,20,266,288
Nissan,41,20,57,Gasoline,Automatic,Rear-wheel drive,5,15,22,266,288
Nissan,54,20,57,Gasoline,Automatic,All-wheel drive,5,13,18,310,388
Nissan,52,20,57,Gasoline,Automatic,All-wheel drive,5,14,20,266,288
Nissan,221,222,254,Gasoline,Manual,Front-wheel drive,6,21,28,200,180
Nissan,231,214,254,Gasoline,Manual,Front-wheel drive,6,24,31,140,147
Nissan,254,199,158,Gasoline,Manual,Front-wheel drive,6,26,31,122,127
Nissan,254,199,158,Gasoline,Automatic,Front-wheel drive,4,24,32,122,127
Nissan,254,118,158,Gasoline,Automatic,Front-wheel drive,4,24,32,122,127
Nissan,254,118,158,Gasoline,Manual,Front-wheel drive,6,26,31,122,127
Nissan,254,118,158,Gasoline,Automatic,Front-wheel drive,4,24,32,122,127
Nissan,254,118,158,Gasoline,Manual,Front-wheel drive,5,26,34,107,111
Nissan,254,118,158,Gasoline,Automatic,Front-wheel drive,4,25,33,107,111
Nissan,254,118,158,Gasoline,Manual,Front-wheel drive,5,26,34,107,111
Nissan,110,186,57,Gasoline,Manual,All-wheel drive,6,16,20,261,281
Nissan,110,186,57,Gasoline,Automatic,Rear-wheel drive,5,16,22,261,281
Nissan,110,186,57,Gasoline,Automatic,All-wheel drive,5,15,20,261,281
Nissan,110,186,57,Gasoline,Automatic,All-wheel drive,5,15,20,261,281
Nissan,110,186,57,Gasoline,Automatic,Rear-wheel drive,5,16,22,261,281
Nissan,110,186,57,Gasoline,Manual,All-wheel drive,6,16,20,261,281
Nissan,110,186,57,Gasoline,Automatic,All-wheel drive,5,15,20,261,281
Nissan,168,155,222,Gasoline,Automatic,Rear-wheel drive,5,13,19,317,385
Nissan,189,155,222,Gasoline,Automatic,All-wheel drive,5,12,18,317,385
Nissan,168,155,222,Gasoline,Automatic,Rear-wheel drive,5,13,19,317,385
Nissan,189,155,222,Gasoline,Automatic,All-wheel drive,5,12,18,317,385
Nissan,168,155,222,E85,Automatic,Rear-wheel drive,5,9,13,317,385
Nissan,189,155,222,Gasoline,Automatic,All-wheel drive,5,12,18,317,385
Nissan,231,214,254,Gasoline,Manual,Front-wheel drive,6,24,31,135,142
Nissan,208,99,57,Gasoline,Manual,Rear-wheel drive,5,19,23,152,171
Nissan,208,99,57,Gasoline,Manual,Rear-wheel drive,5,19,23,152,171
Nissan,234,99,57,Gasoline,Automatic,Rear-wheel drive,5,15,20,261,281
Nissan,234,99,57,Gasoline,Automatic,All-wheel drive,5,14,19,261,281
Nissan,244,99,57,Gasoline,Manual,Rear-wheel drive,6,16,20,261,281
Nissan,234,99,57,Gasoline,Automatic,Rear-wheel drive,5,15,20,261,281
Nissan,244,99,57,Gasoline,Automatic,Rear-wheel drive,5,15,20,261,281
Nissan,244,196,57,Gasoline,Automatic,Rear-wheel drive,5,15,20,261,281
Nissan,244,99,57,Gasoline,Automatic,Rear-wheel drive,5,15,20,261,281
Nissan,85,99,57,Gasoline,Automatic,All-wheel drive,5,14,19,261,281
Nissan,244,99,57,Gasoline,Manual,All-wheel drive,6,15,20,261,281
Nissan,234,99,57,Gasoline,Automatic,All-wheel drive,5,14,19,261,281
Nissan,244,99,57,Gasoline,Automatic,All-wheel drive,5,14,19,261,281
Nissan,85,99,57,Gasoline,Automatic,Rear-wheel drive,5,15,20,261,281
Nissan,244,99,57,Gasoline,Manual,Rear-wheel drive,6,16,20,261,281
Nissan,244,196,57,Gasoline,Automatic,All-wheel drive,5,14,19,261,281
Nissan,208,99,57,Gasoline,Automatic,Rear-wheel drive,5,17,22,152,171
Nissan,57,196,57,Gasoline,Automatic,Rear-wheel drive,5,15,20,261,281
Nissan,234,99,57,Gasoline,Manual,Rear-wheel drive,6,16,20,261,281
Nissan,244,99,57,Gasoline,Automatic,All-wheel drive,5,14,19,261,281
Nissan,244,99,57,Gasoline,Manual,All-wheel drive,6,15,20,261,281
Nissan,244,99,57,Gasoline,Automatic,Rear-wheel drive,5,15,20,261,281
Nissan,244,99,57,Gasoline,Automatic,All-wheel drive,5,14,19,261,281
Nissan,234,99,57,Gasoline,Manual,All-wheel drive,6,15,20,261,281
Nissan,234,99,57,Gasoline,Manual,All-wheel drive,6,15,20,261,281
Nissan,208,99,57,Gasoline,Automatic,Rear-wheel drive,5,17,22,152,171
Nissan,73,196,57,Gasoline,Automatic,All-wheel drive,5,14,19,261,281
Nissan,244,99,57,Gasoline,Manual,All-wheel drive,6,15,20,261,281
Nissan,102,72,227,Gasoline,Automatic,Rear-wheel drive,5,13,18,317,385
Nissan,140,72,227,Gasoline,Automatic,All-wheel drive,5,12,17,317,385
Nissan,102,72,227,Gasoline,Automatic,Rear-wheel drive,5,13,18,317,385
Nissan,140,72,227,Gasoline,Automatic,All-wheel drive,5,12,17,317,385
Nissan,153,72,227,Gasoline,Automatic,All-wheel drive,5,12,17,317,385
Nissan,105,72,227,Gasoline,Automatic,Rear-wheel drive,5,13,18,317,385
Nissan,146,72,227,Gasoline,Automatic,All-wheel drive,5,12,17,317,385
Nissan,105,72,227,Gasoline,Automatic,Rear-wheel drive,5,13,18,317,385
Nissan,105,58,227,Gasoline,Automatic,Rear-wheel drive,5,13,18,317,385
Nissan,146,72,227,Gasoline,Automatic,All-wheel drive,5,12,17,317,385
Nissan,146,58,227,Gasoline,Automatic,All-wheel drive,5,12,17,317,385
Nissan,161,72,227,Gasoline,Automatic,All-wheel drive,5,12,17,317,385
Nissan,115,72,227,Gasoline,Automatic,Rear-wheel drive,5,13,18,317,385
Nissan,156,72,227,Gasoline,Automatic,All-wheel drive,5,12,17,317,385
Nissan,102,72,227,Gasoline,Automatic,Rear-wheel drive,5,13,18,317,385
Nissan,140,72,227,Gasoline,Automatic,All-wheel drive,5,12,17,317,385
Nissan,102,72,227,Gasoline,Automatic,Rear-wheel drive,5,13,18,317,385
Nissan,140,72,227,E85,Automatic,All-wheel drive,5,9,13,317,385
Nissan,153,72,227,E85,Automatic,All-wheel drive,5,9,13,317,385
Nissan,105,72,227,Gasoline,Automatic,Rear-wheel drive,5,13,18,317,385
Nissan,146,72,227,Gasoline,Automatic,All-wheel drive,5,12,17,317,385
Nissan,105,72,227,Gasoline,Automatic,Rear-wheel drive,5,13,18,317,385
Nissan,105,58,227,Gasoline,Automatic,Rear-wheel drive,5,13,18,317,385
Nissan,146,72,227,Gasoline,Automatic,All-wheel drive,5,12,17,317,385
Nissan,146,58,227,Gasoline,Automatic,All-wheel drive,5,12,17,317,385
Nissan,161,72,227,Gasoline,Automatic,All-wheel drive,5,12,17,317,385
Nissan,115,72,227,Gasoline,Automatic,Rear-wheel drive,5,13,18,317,385
Nissan,156,72,227,Gasoline,Automatic,All-wheel drive,5,12,17,317,385
Toyota,24,216,133,Gasoline,Automatic,Rear-wheel drive,5,17,23,270,278
Toyota,24,216,24,Gasoline,Automatic,All-wheel drive,5,17,22,270,278
Toyota,93,216,133,Gasoline,Automatic,All-wheel drive,5,17,22,270,278
Toyota,24,216,133,Gasoline,Automatic,Rear-wheel drive,5,17,23,270,278
Toyota,24,216,133,Gasoline,Automatic,All-wheel drive,5,17,22,270,278
Toyota,206,155,57,Gasoline,Automatic,Front-wheel drive,6,20,29,268,248
Toyota,206,155,57,Gasoline,Automatic,Front-wheel drive,6,20,29,268,248
Toyota,191,198,29,Gasoline,Manual,Front-wheel drive,6,22,33,169,167
Toyota,191,198,29,Gasoline,Automatic,Front-wheel drive,6,22,32,169,167
Toyota,191,198,29,Gasoline,Manual,Front-wheel drive,6,22,33,169,167
Toyota,191,198,29,Gasoline,Automatic,Front-wheel drive,6,22,32,169,167
Toyota,191,198,29,Gasoline,Automatic,Front-wheel drive,6,20,29,268,248
Toyota,186,198,29,Gasoline,Manual,Front-wheel drive,6,22,33,179,171
Toyota,186,198,29,Gasoline,Automatic,Front-wheel drive,6,22,32,179,171
Toyota,186,198,29,Gasoline,Automatic,Front-wheel drive,6,20,29,268,248
Toyota,191,198,29,Gasoline,Automatic,Front-wheel drive,6,22,32,169,167
Toyota,191,198,29,Gasoline,Automatic,Front-wheel drive,6,20,29,268,248
Toyota,186,220,227,Gasoline,Manual,Front-wheel drive,5,28,35,132,128
Toyota,186,220,227,Gasoline,Automatic,Front-wheel drive,4,26,34,132,128
Toyota,186,220,227,Gasoline,Automatic,Front-wheel drive,4,26,34,132,128
Toyota,186,202,227,Gasoline,Manual,Front-wheel drive,5,28,35,132,128
Toyota,186,202,227,Gasoline,Automatic,Front-wheel drive,4,26,34,132,128
Toyota,19,63,113,Gasoline,Automatic,Rear-wheel drive,5,17,22,260,271
Toyota,37,63,113,Gasoline,Manual,All-wheel drive,6,15,20,260,271
Toyota,37,63,113,Gasoline,Automatic,All-wheel drive,5,17,21,260,271
Toyota,194,177,118,Gasoline,Automatic,Front-wheel drive,6,20,25,187,186
Toyota,194,177,118,Gasoline,Automatic,Front-wheel drive,6,20,25,270,248
Toyota,194,177,118,Gasoline,Automatic,All-wheel drive,5,17,22,270,248
Toyota,224,177,118,Gasoline,Automatic,Front-wheel drive,6,20,25,187,186
Toyota,224,177,118,Gasoline,Automatic,Front-wheel drive,5,18,24,270,248
Toyota,224,177,118,Gasoline,Automatic,All-wheel drive,5,17,22,270,248
Toyota,224,177,118,Gasoline,Automatic,Front-wheel drive,5,18,24,270,248
Toyota,224,177,118,Gasoline,Automatic,All-wheel drive,5,17,22,270,248
Toyota,88,87,179,Gasoline,Automatic,All-wheel drive,6,13,18,381,401
Toyota,13,14,229,Gasoline,Manual,Front-wheel drive,5,26,32,132,128
Toyota,13,14,229,Gasoline,Automatic,Front-wheel drive,4,25,32,132,128
Toyota,13,14,229,Gasoline,Manual,Front-wheel drive,5,21,28,158,162
Toyota,13,14,229,Gasoline,Automatic,Front-wheel drive,5,21,29,158,162
Toyota,24,14,229,Gasoline,Automatic,All-wheel drive,4,20,26,158,162
Toyota,148,12,24,Gasoline,Automatic,Front-wheel drive,4,22,28,179,172
Toyota,148,12,24,Gasoline,Automatic,All-wheel drive,4,21,27,179,172
Toyota,148,12,24,Gasoline,Automatic,Front-wheel drive,5,19,27,269,246
Toyota,148,12,24,Gasoline,Automatic,All-wheel drive,5,19,26,269,246
Toyota,148,12,62,Gasoline,Automatic,Front-wheel drive,4,22,28,179,172
Toyota,148,12,62,Gasoline,Automatic,All-wheel drive,4,21,27,179,172
Toyota,148,12,62,Gasoline,Automatic,Front-wheel drive,5,19,27,269,246
Toyota,148,12,62,Gasoline,Automatic,All-wheel drive,5,19,26,269,246
Toyota,208,12,62,Gasoline,Automatic,Front-wheel drive,4,22,28,179,172
Toyota,208,12,62,Gasoline,Automatic,All-wheel drive,4,21,27,179,172
Toyota,208,12,62,Gasoline,Automatic,Front-wheel drive,5,19,27,269,246
Toyota,208,12,62,Gasoline,Automatic,All-wheel drive,5,19,26,269,246
Toyota,163,89,237,Gasoline,Automatic,Rear-wheel drive,6,14,20,310,327
Toyota,163,89,237,Gasoline,Automatic,All-wheel drive,6,14,19,310,327
Toyota,163,89,237,Gasoline,Automatic,All-wheel drive,6,13,18,381,401
Toyota,163,89,237,Gasoline,Automatic,All-wheel drive,6,12,17,381,401
Toyota,163,89,237,Gasoline,Automatic,Rear-wheel drive,6,14,18,381,401
Toyota,163,89,237,Gasoline,Automatic,All-wheel drive,6,13,18,381,401
Toyota,163,89,237,Gasoline,Automatic,All-wheel drive,6,12,17,381,401
Toyota,163,89,237,Gasoline,Automatic,Rear-wheel drive,6,14,18,381,401
Toyota,163,89,237,Gasoline,Automatic,All-wheel drive,6,13,18,381,401
Toyota,163,89,237,Gasoline,Automatic,All-wheel drive,6,12,17,381,401
Toyota,229,221,191,Gasoline,Automatic,Front-wheel drive,6,19,24,187,186
Toyota,214,221,191,Gasoline,Automatic,Front-wheel drive,6,18,24,266,245
Toyota,229,221,191,Gasoline,Automatic,Front-wheel drive,6,19,24,187,186
Toyota,3,221,191,Gasoline,Automatic,Front-wheel drive,6,18,24,266,245
Toyota,19,221,191,Gasoline,Automatic,All-wheel drive,6,16,22,266,245
Toyota,3,221,191,Gasoline,Automatic,Front-wheel drive,6,18,24,266,245
Toyota,208,221,191,Gasoline,Automatic,Front-wheel drive,6,18,24,266,245
Toyota,3,221,191,Gasoline,Automatic,Front-wheel drive,6,18,24,266,245
Toyota,19,221,191,Gasoline,Automatic,All-wheel drive,6,16,22,266,245
Toyota,3,221,191,Gasoline,Automatic,Front-wheel drive,6,18,24,266,245
Toyota,3,221,191,Gasoline,Automatic,Front-wheel drive,6,18,24,266,245
Toyota,19,221,191,Gasoline,Automatic,All-wheel drive,6,16,22,266,245
Toyota,74,192,113,Gasoline,Automatic,Front-wheel drive,6,21,27,182,182
Toyota,74,192,113,Gasoline,Automatic,All-wheel drive,6,20,25,182,182
Toyota,74,192,113,Gasoline,Automatic,Front-wheel drive,6,19,26,268,246
Toyota,74,192,113,Gasoline,Automatic,All-wheel drive,6,18,25,268,246
Toyota,244,241,158,Gasoline,Manual,Front-wheel drive,5,29,36,106,103
Toyota,244,241,158,Gasoline,Automatic,Front-wheel drive,4,29,35,106,103
Toyota,244,241,158,Gasoline,Manual,Front-wheel drive,5,29,36,106,103
Toyota,244,241,158,Gasoline,Automatic,Front-wheel drive,4,29,35,106,103
Toyota,180,204,153,Gasoline,Manual,Front-wheel drive,5,29,36,106,103
Toyota,180,204,153,Gasoline,Automatic,Front-wheel drive,4,29,35,106,103
Toyota,135,228,41,Gasoline,Manual,Rear-wheel drive,5,21,25,159,180
Toyota,135,228,41,Gasoline,Automatic,Rear-wheel drive,4,19,25,159,180
Toyota,239,228,102,Gasoline,Manual,All-wheel drive,5,18,20,159,180
Toyota,239,228,102,Gasoline,Automatic,All-wheel drive,4,18,21,159,180
Toyota,142,165,41,Gasoline,Manual,Rear-wheel drive,5,21,25,159,180
Toyota,142,165,41,Gasoline,Automatic,Rear-wheel drive,4,19,25,159,180
Toyota,249,165,102,Gasoline,Automatic,Rear-wheel drive,4,19,25,159,180
Toyota,249,165,102,Gasoline,Automatic,Rear-wheel drive,5,17,21,236,266
Toyota,249,165,102,Gasoline,Manual,All-wheel drive,5,18,20,159,180
Toyota,249,165,102,Gasoline,Automatic,All-wheel drive,4,18,21,159,180
Toyota,249,165,102,Gasoline,Manual,All-wheel drive,6,14,18,236,266
Toyota,249,165,102,Gasoline,Automatic,All-wheel drive,5,16,20,236,266
Toyota,142,165,102,Gasoline,Automatic,Rear-wheel drive,4,19,25,159,180
Toyota,244,245,102,Gasoline,Automatic,Rear-wheel drive,4,19,25,159,180
Toyota,244,245,102,Gasoline,Automatic,Rear-wheel drive,5,17,21,236,266
Toyota,244,165,102,Gasoline,Automatic,Rear-wheel drive,5,17,21,236,266
Toyota,244,165,102,Gasoline,Manual,All-wheel drive,6,14,18,236,266
Toyota,244,245,102,Gasoline,Automatic,All-wheel drive,5,16,20,236,266
Toyota,244,165,102,Gasoline,Automatic,All-wheel drive,5,16,20,236,266
Toyota,130,165,87,Gasoline,Manual,Rear-wheel drive,6,15,19,236,266
Toyota,133,208,237,Gasoline,Automatic,Rear-wheel drive,5,16,20,236,266
Toyota,133,208,237,Gasoline,Automatic,Rear-wheel drive,6,15,20,310,327
Toyota,143,208,237,Gasoline,Automatic,All-wheel drive,6,13,17,381,401
Toyota,143,208,237,Gasoline,Automatic,All-wheel drive,6,13,17,381,401
Toyota,133,176,237,Gasoline,Automatic,Rear-wheel drive,5,16,20,236,266
Toyota,133,176,237,Gasoline,Automatic,Rear-wheel drive,6,14,18,381,401
Toyota,143,176,237,Gasoline,Automatic,All-wheel drive,6,13,17,381,401
Toyota,143,176,237,Gasoline,Automatic,All-wheel drive,6,13,17,381,401
Toyota,133,176,237,Gasoline,Automatic,Rear-wheel drive,5,16,20,236,266
Toyota,133,176,237,Gasoline,Automatic,Rear-wheel drive,6,15,20,310,327
Toyota,143,176,237,Gasoline,Automatic,All-wheel drive,6,14,19,310,327
Toyota,133,176,237,Gasoline,Automatic,Rear-wheel drive,6,14,18,381,401
Toyota,143,176,237,Gasoline,Automatic,All-wheel drive,6,13,17,381,401
Toyota,143,176,237,Gasoline,Automatic,All-wheel drive,6,13,17,381,401
Toyota,133,122,237,Gasoline,Automatic,Rear-wheel drive,6,14,18,381,401
Toyota,143,122,237,Gasoline,Automatic,All-wheel drive,6,13,17,381,401
Toyota,133,176,237,Gasoline,Automatic,Rear-wheel drive,6,15,20,310,327
Toyota,143,176,237,Gasoline,Automatic,All-wheel drive,6,14,19,310,327
Toyota,143,176,237,Gasoline,Automatic,All-wheel drive,6,13,17,381,401
Toyota,143,176,237,Gasoline,Automatic,All-wheel drive,6,13,17,381,401
Toyota,128,176,237,Gasoline,Automatic,Rear-wheel drive,6,15,20,310,327
Toyota,138,176,237,Gasoline,Automatic,All-wheel drive,6,14,19,310,327
Toyota,128,176,237,Gasoline,Automatic,Rear-wheel drive,6,14,18,381,401
Toyota,138,176,237,Gasoline,Automatic,All-wheel drive,6,13,17,381,401
Toyota,138,176,237,Gasoline,Automatic,All-wheel drive,6,13,17,381,401
Toyota,128,176,237,Gasoline,Automatic,Rear-wheel drive,6,14,18,381,401
Toyota,138,176,237,Gasoline,Automatic,All-wheel drive,6,13,17,381,401
Toyota,138,176,237,Gasoline,Automatic,All-wheel drive,6,13,17,381,401